date,spx,mar,hlt,hst,mgm,lvs,spxChange,marChange,hltChange,hstChange,mgmChange,lvsChange
"January 3, 2022","4,796.56",163.91,154.48,17.66,45.48,38.85,0.003855056570129810000000000,-0.007027321742291130000000000,-0.009426098108368060000000000,0.009719839908519250000000000,0.009769094138543470000000000,0.021830615465544400000000000
"January 4, 2022","4,793.54",168.01,155.96,17.91,45.39,38.66,0.003223011464712130000000000,0.017810625795117200000000000,0.000064123116383580200000000,0.024013722126929800000000000,0.007770870337477830000000000,0.016833245660178700000000000
"January 5, 2022","4,700.58",164.37,151.8,17.38,43.04,36.97,-0.016232257740459800000000000,-0.004240625189313560000000000,-0.026611093299134200000000000,-0.006289308176100600000000000,-0.044404973357016000000000000,-0.027617043661231000000000000
"January 6, 2022","4,696.05",165.22,152.18,17.35,44.32,37.83,-0.017180325398586100000000000,0.000908705397710097000000000,-0.024174414876562900000000000,-0.008004574042309720000000000,-0.015985790408525700000000000,-0.004997369805365720000000000
"January 7, 2022","4,677.03",166.66,152,18.21,44.53,37.9,-0.021160953843964500000000000,0.009632277215726680000000000,-0.025328630971465100000000000,0.041166380789022400000000000,-0.011323268206039000000000000,-0.003156233561283650000000000
"January 10, 2022","4,670.29",162.05,148.61,17.75,43.62,36.43,-0.022571544575922900000000000,-0.018295268673895800000000000,-0.047066367425456700000000000,0.014865637507147000000000000,-0.031527531083481400000000000,-0.041820094687006900000000000
"January 11, 2022","4,713.07",165.2,152.5,18.08,44.95,38.85,-0.013618269870703000000000000,0.000787544678015360000000000,-0.022122475152292300000000000,0.033733562035448800000000000,-0.001998223801065640000000000,0.021830615465544400000000000
"January 12, 2022","4,726.35",164.86,150,17.93,44.8,38.95,-0.010838945698535400000000000,-0.001272187556793960000000000,-0.038153254248156400000000000,0.025157232704402600000000000,-0.005328596802841960000000000,0.024460810099947400000000000
"January 13, 2022","4,659.03",164.51,149.9,18.07,44.25,37.66,-0.024928110101420300000000000,-0.003392500151450910000000000,-0.038794485411990900000000000,0.033161806746712500000000000,-0.017539964476021300000000000,-0.009468700683850780000000000
"January 14, 2022","4,662.85",162.8,147.98,17.94,44.47,42.99,-0.024128635829004600000000000,-0.013751741685345500000000000,-0.051106123757614600000000000,0.025728987993139100000000000,-0.012655417406749600000000000,0.130720673329826000000000000
"January 18, 2022","4,577.11",159.51,144.52,17.7,43.83,43.1,-0.042072856802019300000000000,-0.033682680075119700000000000,-0.073292722026290300000000000,0.012006861063464900000000000,-0.026865008880994700000000000,0.133613887427670000000000000
"January 19, 2022","4,532.76",154.2,142.21,17.35,42.21,43.92,-0.051354711247472900000000000,-0.065850851154055900000000000,-0.088105161910868800000000000,-0.008004574042309720000000000,-0.062833037300177600000000000,0.155181483429774000000000000
"January 20, 2022","4,482.73",156.7,142.24,17.29,41.55,43.61,-0.061825312778612800000000000,-0.050705761192221500000000000,-0.087912792561718400000000000,-0.011435105774728400000000000,-0.077486678507992900000000000,0.147027880063125000000000000
"January 21, 2022","4,397.94",156.99,142.26,17.04,40.96,43.75,-0.079570711615817200000000000,-0.048948930756648600000000000,-0.087784546328951600000000000,-0.025728987993138900000000000,-0.090586145648312600000000000,0.150710152551289000000000000
"January 24, 2022","4,410.13",155.74,140.48,17,41.89,44.89,-0.077019509683684500000000000,-0.056521475737565800000000000,-0.099198461045206800000000000,-0.028016009148084500000000000,-0.069937833037300200000000000,0.180694371383482000000000000
"January 25, 2022","4,356.45",157.03,142.39,17.04,41.98,44.87,-0.088254006789252800000000000,-0.048706609317259300000000000,-0.086950945815966700000000000,-0.025728987993138900000000000,-0.067939609236234500000000000,0.180168332456602000000000000
"January 26, 2022","4,349.93",158.73,144.82,17.05,41.68,44.12,-0.089618554500286700000000000,-0.038407948143212000000000000,-0.071369028534786800000000000,-0.025157232704402400000000000,-0.074600355239786900000000000,0.160441872698580000000000000
"January 27, 2022","4,326.51",153.71,137.25,16.59,40.62,42.08,-0.094520043364154300000000000,-0.068819288786575300000000000,-0.119910227637063000000000000,-0.051457975986277800000000000,-0.098134991119005400000000000,0.106785902156759000000000000
"January 28, 2022","4,431.85",159.38,143.39,16.78,41.63,43.11,-0.072473807799687700000000000,-0.034470224753135000000000000,-0.080538634177621100000000000,-0.040594625500285700000000000,-0.075710479573712200000000000,0.133876906891110000000000000
"January 31, 2022","4,515.55",161.12,145.11,17.34,42.72,43.8,-0.054956531202518200000000000,-0.023929242139698200000000000,-0.069509458159666400000000000,-0.008576329331046230000000000,-0.051509769094138500000000000,0.152025249868490000000000000
"February 1, 2022","4,546.54",163.02,145.72,17.37,44.16,44.65,-0.048470743845931800000000000,-0.012418973768704100000000000,-0.065597948060275700000000000,-0.006861063464836900000000000,-0.019538188277087100000000000,0.174381904260915000000000000
"February 2, 2022","4,589.38",160.87,144.59,17.18,43.64,44.75,-0.039504911953186800000000000,-0.025443751135881700000000000,-0.072843860211606200000000000,-0.017724413950829000000000000,-0.031083481349911200000000000,0.177012098895318000000000000
"February 3, 2022","4,477.44",162.01,144.15,17.08,42.98,43.91,-0.062932438145387300000000000,-0.018537590113285300000000000,-0.075665277332478300000000000,-0.023441966838193300000000000,-0.045737122557726500000000000,0.154918463966333000000000000
"February 4, 2022","4,500.53",162.74,145.5,17.46,44.54,44.2,-0.058100013812906400000000000,-0.014115223844429500000000000,-0.067008656620711700000000000,-0.001715265866209120000000000,-0.011101243339254000000000000,0.162546028406102000000000000
"February 7, 2022","4,483.87",166.04,148.64,17.84,45.61,45.5,-0.061586726215640500000000000,0.005876294905191730000000000,-0.046873998076306500000000000,0.020011435105774800000000000,0.012655417406749600000000000,0.196738558653340000000000000
"February 8, 2022","4,521.54",171.55,153.38,18.17,47.2,45.75,-0.053702905314620400000000000,0.039256073181074800000000000,-0.016479640910548200000000000,0.038879359634076800000000000,0.047957371225577300000000000,0.203314045239348000000000000
"February 9, 2022","4,587.18",173.53,153.14,18.45,48.52,46.71,-0.039965342162431400000000000,0.051250984430847600000000000,-0.018018595703751200000000000,0.054888507718696500000000000,0.077264653641207900000000000,0.228563913729616000000000000
"February 10, 2022","4,504.08",174.68,154.2,18.54,47.07,46.65,-0.057357046884352600000000000,0.058217725813291400000000000,-0.011221545367104800000000000,0.060034305317324200000000000,0.045071047957371300000000000,0.226985796948974000000000000
"February 11, 2022","4,418.64",169.88,149.53,18.06,45.46,45.16,-0.075238481919742800000000000,0.029139153086569300000000000,-0.041167040718178800000000000,0.032590051457976000000000000,0.009325044404973390000000000,0.187795896896370000000000000
"February 14, 2022","4,401.67",171.33,151.43,17.93,44.65,46.21,-0.078790073124688700000000000,0.037923305264433400000000000,-0.028983648605322100000000000,0.025157232704402600000000000,-0.008658969804618130000000000,0.215412940557601000000000000
"February 15, 2022","4,471.07",181.2,158,18.72,45.08,47.76,-0.064265592887609100000000000,0.097716120433755400000000000,0.013145238858608600000000000,0.070325900514579800000000000,0.000888099467140301000000000,0.256180957390847000000000000
"February 16, 2022","4,475.01",183.26,156.34,19.31,45.17,47.61,-0.063441004240143700000000000,0.110195674562307000000000000,0.002500801538954890000000000,0.104059462550029000000000000,0.002886323268206100000000000,0.252235665439242000000000000
"February 17, 2022","4,380.26",178.17,153.04,19.3,43.68,47.06,-0.083270896206473700000000000,0.079360271400012100000000000,-0.018659826867585700000000000,0.103487707261292000000000000,-0.030195381882770900000000000,0.237769594950026000000000000
"February 18, 2022","4,348.87",174.92,150.41,19.11,43.56,47.12,-0.089840398146559200000000000,0.059671654449627400000000000,-0.035524206476434700000000000,0.092624356775300200000000000,-0.032859680284191800000000000,0.239347711730668000000000000
"February 22, 2022","4,304.76",173.12,147.16,18.59,43.23,45.42,-0.099072023841913400000000000,0.048767189677106800000000000,-0.056364219301058000000000000,0.062893081761006400000000000,-0.040186500888099500000000000,0.194634402945818000000000000
"February 23, 2022","4,225.50",167.97,143.37,18.34,42.48,45.15,-0.115660068562244000000000000,0.017568304355727900000000000,-0.080666880410387800000000000,0.048599199542595900000000000,-0.056838365896980500000000000,0.187532877432930000000000000
"February 24, 2022","4,288.70",168.75,146.09,18.49,43.51,43.58,-0.102433164369399000000000000,0.022293572423820200000000000,-0.063225392754087800000000000,0.057175528873642100000000000,-0.033969804618117300000000000,0.146238821672804000000000000
"February 25, 2022","4,384.65",174.37,150.67,18.75,45.12,44.52,-0.082352128652572100000000000,0.056339734658023900000000000,-0.033857005450464900000000000,0.072041166380789100000000000,0.001776198934280600000000000,0.170962651236191000000000000
"February 28, 2022","4,373.94",170.14,148.86,18.27,44.29,42.86,-0.084593586625758300000000000,0.030714242442600100000000000,-0.045463289515870300000000000,0.044596912521440900000000000,-0.016651865008881000000000000,0.127301420305102000000000000
"March 1, 2022","4,306.26",164.91,142.17,17.42,41.92,40.3,-0.098758094153792100000000000,-0.000969285757557379000000000,-0.088361654376402700000000000,-0.004002287021154760000000000,-0.069271758436944900000000000,0.059968437664387000000000000
"March 2, 2022","4,386.54",168.23,145.91,17.92,43.73,44.4,-0.081956577245539100000000000,0.019143393711758600000000000,-0.064379608848990000000000000,0.024585477415666300000000000,-0.029085257548845500000000000,0.167806417674908000000000000
"March 3, 2022","4,363.49",165.47,142.01,17.59,43.35,42.37,-0.086780630119670100000000000,0.002423214393893530000000000,-0.089387624238538000000000000,0.005717552887364290000000000,-0.037522202486678500000000000,0.114413466596528000000000000
"March 4, 2022","4,328.87",159.28,137.67,17.26,41.54,40.8,-0.094026127321510100000000000,-0.035076028351608400000000000,-0.117217056748958000000000000,-0.013150371640937500000000000,-0.077708703374778000000000000,0.073119410836401700000000000
"March 7, 2022","4,201.09",148.06,129.09,16.57,37.48,36.1,-0.120768751020272000000000000,-0.103047192100321000000000000,-0.172234690605963000000000000,-0.052601486563750600000000000,-0.167850799289520000000000000,-0.050499736980536600000000000
"March 8, 2022","4,170.70",152.79,133.92,17.44,37.63,37,-0.127128966501610000000000000,-0.074392681892530500000000000,-0.141263225392754000000000000,-0.002858776443681940000000000,-0.164520426287744000000000000,-0.026827985270910100000000000
"March 9, 2022","4,277.88",159.47,138.52,18.07,40.28,38.77,-0.104697643853047000000000000,-0.033925001514509000000000000,-0.111766591856364000000000000,0.033161806746712500000000000,-0.105683836589698000000000000,0.019726459758022100000000000
"March 10, 2022","4,259.52",162.56,142.94,18.25,40.89,38.6,-0.108540143235652000000000000,-0.015205670321681700000000000,-0.083424174414876500000000000,0.043453401943968100000000000,-0.092140319715808100000000000,0.015255128879537000000000000
"March 11, 2022","4,204.31",161.64,141.77,18.02,40.11,36.42,-0.120094848623104000000000000,-0.020779063427636800000000000,-0.090926579031740800000000000,0.030303030303030400000000000,-0.109458259325044000000000000,-0.042083114150447200000000000
"March 14, 2022","4,173.11",161.76,141.56,17.9,38.8,32.09,-0.126624586136028000000000000,-0.020052099109468700000000000,-0.092273164475793400000000000,0.023441966838193300000000000,-0.138543516873890000000000000,-0.155970541820095000000000000
"March 15, 2022","4,262.45",166.4,144.24,18.15,40.09,32.66,-0.107926933911522000000000000,0.008057187859695960000000000,-0.075088169285027100000000000,0.037735849056603800000000000,-0.109902309058614000000000000,-0.140978432403998000000000000
"March 16, 2022","4,357.86",172.29,150.79,18.86,42.17,36.54,-0.087958912882418800000000000,0.043739019809777700000000000,-0.033087528053863400000000000,0.078330474556889700000000000,-0.063721136767317900000000000,-0.038926880589163700000000000
"March 17, 2022","4,411.67",171.24,151.14,18.84,41.94,37.37,-0.076697208537213300000000000,0.037378082025807300000000000,-0.030843218980442500000000000,0.077186963979416900000000000,-0.068827708703374800000000000,-0.017096265123619300000000000
"March 18, 2022","4,463.12",171.19,151.79,19.03,42.17,38.96,-0.065929420234652100000000000,0.037075180226570600000000000,-0.026675216415517800000000000,0.088050314465409000000000000,-0.063721136767317900000000000,0.024723829563387600000000000
"March 21, 2022","4,461.18",169.95,150.35,18.45,41.83,38.69,-0.066335435964622200000000000,0.029563215605500700000000000,-0.035908945174735500000000000,0.054888507718696500000000000,-0.071269982238010700000000000,0.017622304050499600000000000
"March 22, 2022","4,511.61",170.57,151.42,18.6,41.97,39.02,-0.055781119849983600000000000,0.033319197916035600000000000,-0.029047771721705700000000000,0.063464837049742900000000000,-0.068161634103019500000000000,0.026301946344029500000000000
"March 23, 2022","4,456.24",167.65,148.41,18.36,41.41,38.17,-0.067369311070835200000000000,0.015629732840613100000000000,-0.048348829753126000000000000,0.049742710120068700000000000,-0.080595026642984100000000000,0.003945291951604380000000000
"March 24, 2022","4,520.16",171.98,151.89,18.7,42.16,39.73,-0.053991720627692000000000000,0.041861028654510200000000000,-0.026033985251683200000000000,0.069182389937107000000000000,-0.063943161634103100000000000,0.044976328248290200000000000
"March 25, 2022","4,543.06",171.52,151.5,19.09,42.2,39.2,-0.049199060722373100000000000,0.039074332101532800000000000,-0.028534786790638000000000000,0.091480846197827400000000000,-0.063055062166962600000000000,0.031036296685954700000000000
"March 28, 2022","4,575.52",171.56,150.68,19.1,42.19,38.89,-0.042405622271427800000000000,0.039316653540922100000000000,-0.033792882334081300000000000,0.092052601486563900000000000,-0.063277087033747800000000000,0.022882693319305600000000000
"March 29, 2022","4,631.60",178.32,155.31,19.82,43.61,40,-0.030668837664865400000000000,0.080268976797722200000000000,-0.004103879448541110000000000,0.133218982275586000000000000,-0.031749555950266400000000000,0.052077853761178200000000000
"March 30, 2022","4,602.45",176.45,153.15,19.93,43.16,39.65,-0.036769537937356500000000000,0.068940449506270000000000000,-0.017954472587367600000000000,0.139508290451687000000000000,-0.041740674955595100000000000,0.042872172540767900000000000
"March 31, 2022","4,530.41",175.75,151.74,19.43,41.94,38.87,-0.051846534425529700000000000,0.064699824316956500000000000,-0.026995831997434900000000000,0.110920526014866000000000000,-0.068827708703374800000000000,0.022356654392424900000000000
"April 1, 2022","4,545.86",173.68,150.71,19.55,41.87,39.52,-0.048613058637880100000000000,0.052159689828557700000000000,-0.033600512984930900000000000,0.117781589479703000000000000,-0.070381882770870400000000000,0.039452919516044200000000000
"April 4, 2022","4,582.64",174.65,152.34,19.45,42.5,39.93,-0.040915502685145300000000000,0.058035984733749400000000000,-0.023148445014427600000000000,0.112064036592339000000000000,-0.056394316163410300000000000,0.050236717517096200000000000
"April 5, 2022","4,525.12",174,151.55,19.01,41.66,37.83,-0.052953659792304200000000000,0.054098261343672400000000000,-0.028214171208720600000000000,0.086906803887936100000000000,-0.075044404973357100000000000,-0.004997369805365720000000000
"April 6, 2022","4,481.15",166.17,145.61,18.32,39.74,37,-0.062155985383433900000000000,0.006663839583207090000000000,-0.066303302340493600000000000,0.047455688965123000000000000,-0.117673179396092000000000000,-0.026827985270910100000000000
"April 7, 2022","4,500.21",164.66,145.55,17.95,39.18,36.11,-0.058166985479705600000000000,-0.002483794753740820000000000,-0.066688041038794300000000000,0.026300743281875400000000000,-0.130106571936057000000000000,-0.050236717517096400000000000
"April 8, 2022","4,488.28",163.86,145.48,17.82,39.2,35.95,-0.060663772932563800000000000,-0.007330223541527710000000000,-0.067136902853478700000000000,0.018867924528302000000000000,-0.129662522202487000000000000,-0.054445028932141000000000000
"April 11, 2022","4,412.53",162.45,143.7,17.85,39.51,35.04,-0.076517222182690500000000000,-0.015872054280002500000000000,-0.078550817569733900000000000,0.020583190394511300000000000,-0.122779751332149000000000000,-0.078379800105207900000000000
"April 12, 2022","4,397.45",163.24,144.88,18.22,39.55,35.03,-0.079673261980603400000000000,-0.011086205852062700000000000,-0.070984289836486000000000000,0.041738136077758700000000000,-0.121891651865009000000000000,-0.078642819568648100000000000
"April 13, 2022","4,446.59",175.54,153.93,19.7,41.28,36.25,-0.069388925397748900000000000,0.063427636760162300000000000,-0.012952869509458000000000000,0.126357918810749000000000000,-0.083481349911190000000000000,-0.046554445028932200000000000
"April 14, 2022","4,392.59",180.51,155.58,19.58,41.6,36.96,-0.080690394170116400000000000,0.093536075604289100000000000,-0.002372555306187730000000000,0.119496855345912000000000000,-0.076376554174067400000000000,-0.027880063124671300000000000
"April 18, 2022","4,391.69",183.15,156.57,19.44,41.16,36.65,-0.080878751982989300000000000,0.109529290603986000000000000,0.003975633215774320000000000,0.111492281303602000000000000,-0.086145648312611100000000000,-0.036033666491320500000000000
"April 19, 2022","4,462.21",188.78,163.14,20.43,42.77,38.24,-0.066119870912112300000000000,0.143636033198037000000000000,0.046104520679705000000000000,0.168096054888508000000000000,-0.050399644760213100000000000,0.005786428195686450000000000
"April 20, 2022","4,459.45",190.3,162.91,20.43,43.35,38.51,-0.066697501538255600000000000,0.152844247894833000000000000,0.044629689002885600000000000,0.168096054888508000000000000,-0.037522202486678500000000000,0.012887953708574300000000000
"April 21, 2022","4,393.66",184.17,156.96,20.64,42.17,37.21,-0.080466457659256600000000000,0.115708487308415000000000000,0.006476434754729200000000000,0.180102915951973000000000000,-0.063721136767317900000000000,-0.021304576538663900000000000
"April 22, 2022","4,271.78",179.49,153.35,20.56,41.08,36.4,-0.105974291251408000000000000,0.087356878899860800000000000,-0.016672010259698600000000000,0.175528873642081000000000000,-0.087921847246891700000000000,-0.042609153077327800000000000
"April 25, 2022","4,296.12",182.48,155.94,20.93,42.03,36.29,-0.100880258845492000000000000,0.105470406494215000000000000,-0.000064123116383397900000000,0.196683819325329000000000000,-0.066829484902309000000000000,-0.045502367175171100000000000
"April 26, 2022","4,175.20",177.25,151.72,20.42,40.35,34.75,-0.126187177437246000000000000,0.073786878294057100000000000,-0.027124078230201900000000000,0.167524299599771000000000000,-0.104129662522202000000000000,-0.086007364544976400000000000
"April 27, 2022","4,183.96",180.2,157.06,21.06,40.34,34.84,-0.124353828058617000000000000,0.091658084449021600000000000,0.007117665918563730000000000,0.204116638078902000000000000,-0.104351687388987000000000000,-0.083640189374013700000000000
"April 28, 2022","4,287.50",184.56,161.22,21.24,42.11,35.68,-0.102684308119896000000000000,0.118071121342461000000000000,0.033792882334081500000000000,0.214408233276158000000000000,-0.065053285968028400000000000,-0.061546554445029000000000000
"April 29, 2022","4,131.93",177.52,155.29,20.35,41.04,35.43,-0.135243002507252000000000000,0.075422548009935300000000000,-0.004232125681308090000000000,0.163522012578617000000000000,-0.088809946714032000000000000,-0.068122041031036400000000000
"May 2, 2022","4,155.38",178.14,155.41,20.13,41.97,36.69,-0.130335235049622000000000000,0.079178530320470100000000000,-0.003462648284706590000000000,0.150943396226415000000000000,-0.068161634103019500000000000,-0.034981588637559300000000000
"May 3, 2022","4,175.48",173.04,148.96,19.88,40.85,36.43,-0.126128577228796000000000000,0.048282546798328000000000000,-0.044822058352035800000000000,0.136649514008005000000000000,-0.093028419182948400000000000,-0.041820094687006900000000000
"May 4, 2022","4,300.17",181.24,151.39,20.13,41.03,37.06,-0.100032648687565000000000000,0.097958441873144800000000000,-0.029240141070856100000000000,0.150943396226415000000000000,-0.089031971580817000000000000,-0.025249868490268300000000000
"May 5, 2022","4,146.87",177.66,149.89,19.75,39.3,35.55,-0.132116262813564000000000000,0.076270673047797900000000000,-0.038858608528374500000000000,0.129216695254431000000000000,-0.127442273534636000000000000,-0.064965807469752900000000000
"May 6, 2022","4,123.34",172.52,143.48,20.24,38.31,34.29,-0.137040773187893000000000000,0.045132368086266500000000000,-0.079961526130169900000000000,0.157232704402516000000000000,-0.149422735346359000000000000,-0.098106259863230000000000000
"May 9, 2022","3,991.24",163.85,133.31,19.11,35.14,31.86,-0.164687514388444000000000000,-0.007390803901375170000000000,-0.145174735492145000000000000,0.092624356775300200000000000,-0.219804618117229000000000000,-0.162019989479222000000000000
"May 10, 2022","4,001.05",168.09,137.79,19.5,36.2,31.2,-0.162634414228131000000000000,0.018295268673896000000000000,-0.116447579352357000000000000,0.114922813036021000000000000,-0.196269982238011000000000000,-0.179379274066281000000000000
"May 11, 2022","3,935.18",166.96,134.51,19.29,35.07,30.33,-0.176420113265832000000000000,0.011449688011146900000000000,-0.137479961526130000000000000,0.102915951972556000000000000,-0.221358792184725000000000000,-0.202261967385587000000000000
"May 12, 2022","3,930.08",163.34,132.43,19.2,34.52,30.14,-0.177487474205444000000000000,-0.010480402253589300000000000,-0.150817569733889000000000000,0.097770154373928000000000000,-0.233570159857904000000000000,-0.207259337190952000000000000
"May 13, 2022","4,023.89",166.4,136.59,19.9,36.15,34.68,-0.157854311510337000000000000,0.008057187859695960000000000,-0.124142353318371000000000000,0.137793024585477000000000000,-0.197380106571936000000000000,-0.087848500789058500000000000
"May 16, 2022","4,008.01",162.33,132.85,20.18,35.07,33.37,-0.161177780475248000000000000,-0.016599018598170400000000000,-0.148124398845784000000000000,0.153802172670097000000000000,-0.221358792184725000000000000,-0.122304050499737000000000000
"May 17, 2022","4,088.85",164.86,135.08,20.72,35.69,34.69,-0.144259063150096000000000000,-0.001272187556793960000000000,-0.133824943892273000000000000,0.184676958261864000000000000,-0.207593250444050000000000000,-0.087585481325618200000000000
"May 18, 2022","3,923.68",154.02,128.66,19.77,33,33.82,-0.178826907541428000000000000,-0.066941297631307800000000000,-0.174991984610452000000000000,0.130360205831904000000000000,-0.267317939609236000000000000,-0.110468174644924000000000000
"May 19, 2022","3,900.79",156.94,131.71,19.45,33.65,33.26,-0.183617474582160000000000000,-0.049251832555885400000000000,-0.155434434113498000000000000,0.112064036592339000000000000,-0.252886323268206000000000000,-0.125197264597580000000000000
"May 20, 2022","3,901.36",155.23,130.28,18.61,34.37,33.46,-0.183498181300674000000000000,-0.059611074089780100000000000,-0.164604039756332000000000000,0.064036592338479200000000000,-0.236900532859680000000000000,-0.119936875328774000000000000
"May 23, 2022","3,973.75",157.96,132.35,18.73,33.61,32.99,-0.168347934551939000000000000,-0.043072635851456900000000000,-0.151330554664957000000000000,0.070897655803316300000000000,-0.253774422735346000000000000,-0.132298790110468000000000000
"May 24, 2022","3,941.48",152.64,128.28,18.55,31.11,30.98,-0.175101608575722000000000000,-0.075301387290240600000000000,-0.177428663033023000000000000,0.060606060606060700000000000,-0.309280639431616000000000000,-0.185165702261967000000000000
"May 25, 2022","3,978.73",159.55,131.74,19.35,32.09,32.07,-0.167305687987376000000000000,-0.033440358635730200000000000,-0.155242064764347000000000000,0.106346483704974000000000000,-0.287522202486678000000000000,-0.156496580746975000000000000
"May 26, 2022","4,057.84",170.17,138.47,20.36,34.48,34.17,-0.150749036235858000000000000,0.030895983522142100000000000,-0.112087207438281000000000000,0.164093767867353000000000000,-0.234458259325044000000000000,-0.101262493424513000000000000
"May 27, 2022","4,158.24",172.56,142.25,20.7,34.89,34.62,-0.129736675777604000000000000,0.045374689525655800000000000,-0.087848669445335000000000000,0.183533447684391000000000000,-0.225355239786856000000000000,-0.089426617569700300000000000
"May 31, 2022","4,132.15",171.58,140.86,19.99,34.97,35.46,-0.135196959486327000000000000,0.039437814260616800000000000,-0.096761782622635300000000000,0.142938822184105000000000000,-0.223579040852575000000000000,-0.067332982640715500000000000
"June 1, 2022","4,101.23",170.59,138.42,20.43,34.19,35.16,-0.141668096790802000000000000,0.033440358635730400000000000,-0.112407823020199000000000000,0.168096054888508000000000000,-0.240896980461812000000000000,-0.075223566543924400000000000
"June 2, 2022","4,176.82",174.42,142.29,20.69,35.13,35.53,-0.125848133374075000000000000,0.056642636457260500000000000,-0.087592176979801200000000000,0.182961692395655000000000000,-0.220026642984014000000000000,-0.065491846396633400000000000
"June 3, 2022","4,108.54",174.65,142.17,20.56,34.71,34.96,-0.140138212777357000000000000,0.058035984733749400000000000,-0.088361654376402700000000000,0.175528873642081000000000000,-0.229351687388988000000000000,-0.080483955812730200000000000
"June 6, 2022","4,121.43",177.61,144.42,21.16,35.31,35.5,-0.137440510324101000000000000,0.075967771248561300000000000,-0.073933953190125100000000000,0.209834190966267000000000000,-0.216030195381883000000000000,-0.066280904786954300000000000
"June 7, 2022","4,160.68",177.18,143.82,21.16,35.49,35.83,-0.129226016818260000000000000,0.073362815775125800000000000,-0.077781340173132400000000000,0.209834190966267000000000000,-0.212033747779751000000000000,-0.057601262493424600000000000
"June 8, 2022","4,115.77",173.19,140.71,20.94,35.4,37.39,-0.138625071680612000000000000,0.049191252196038100000000000,-0.097723629368387200000000000,0.197255574614065000000000000,-0.214031971580817000000000000,-0.016570226196738600000000000
"June 9, 2022","4,017.82",167.65,135.8,19.91,34.32,35.29,-0.159124680314934000000000000,0.015629732840613100000000000,-0.129208079512664000000000000,0.138364779874214000000000000,-0.238010657193606000000000000,-0.071804313519200500000000000
"June 10, 2022","3,900.86",159.87,127.47,18.64,31.78,33.5,-0.183602824530047000000000000,-0.031501787120615400000000000,-0.182622635460083000000000000,0.065751858204688500000000000,-0.294404973357016000000000000,-0.118884797475013000000000000
"June 13, 2022","3,749.63",152.1,120.85,17.13,28.63,30.6,-0.215253215686439000000000000,-0.078572726721996700000000000,-0.225072138505931000000000000,-0.020583190394511100000000000,-0.364342806394316000000000000,-0.195160441872699000000000000
"June 14, 2022","3,735.48",152.22,119.14,17.18,29.4,32.27,-0.218214619077716000000000000,-0.077845762403828600000000000,-0.236037191407502000000000000,-0.017724413950829000000000000,-0.347246891651865000000000000,-0.151236191478169000000000000
"June 15, 2022","3,789.99",154.8,121.89,17.61,30.06,32.64,-0.206806414211388000000000000,-0.062216029563215500000000000,-0.218403334402052000000000000,0.006861063464837110000000000,-0.332593250444050000000000000,-0.141504471330879000000000000
"June 16, 2022","3,666.77",145.16,115.42,16.66,27.39,30.87,-0.232594691658260000000000000,-0.120615496456049000000000000,-0.259890990702148000000000000,-0.047455688965122800000000000,-0.391873889875666000000000000,-0.188058916359811000000000000
"June 17, 2022","3,674.84",145.23,116.28,16.2,27.95,31.67,-0.230905749936168000000000000,-0.120191433937118000000000000,-0.254376402693171000000000000,-0.073756432246998200000000000,-0.379440497335702000000000000,-0.167017359284587000000000000
"June 21, 2022","3,764.79",141.58,114.44,16.47,27.67,31.71,-0.212080432971826000000000000,-0.142303265281396000000000000,-0.266175056107727000000000000,-0.058319039451114900000000000,-0.385657193605684000000000000,-0.165965281430826000000000000
"June 22, 2022","3,759.89",136.46,112.02,15.7,27.33,31.6,-0.213105936619689000000000000,-0.173320409523232000000000000,-0.281692850272523000000000000,-0.102344196683819000000000000,-0.393206039076377000000000000,-0.168858495528669000000000000
"June 23, 2022","3,795.73",133.06,110.52,15.4,27.17,31.58,-0.205605109938177000000000000,-0.193917731871327000000000000,-0.291311317730042000000000000,-0.119496855345912000000000000,-0.396758436944938000000000000,-0.169384534455550000000000000
"June 24, 2022","3,911.74",139.39,116.71,16.09,30.24,33.43,-0.181325787858874000000000000,-0.155570364087963000000000000,-0.251619108688682000000000000,-0.080045740423098800000000000,-0.328596802841918000000000000,-0.120725933719095000000000000
"June 27, 2022","3,900.11",140.19,117.03,16.02,30.03,33.17,-0.183759789374108000000000000,-0.150723935300176000000000000,-0.249567168964412000000000000,-0.084048027444253800000000000,-0.333259325044405000000000000,-0.127564439768543000000000000
"June 28, 2022","3,821.55",138.69,115.28,16.13,29.88,34.51,-0.200201333573315000000000000,-0.159810989277276000000000000,-0.260788714331516000000000000,-0.077758719268153200000000000,-0.336589698046181000000000000,-0.092319831667543500000000000
"June 29, 2022","3,818.83",137.73,113.06,15.7,29.17,33.61,-0.200770592741109000000000000,-0.165626703822621000000000000,-0.275024046168644000000000000,-0.102344196683819000000000000,-0.352353463587922000000000000,-0.115991583377170000000000000
"June 30, 2022","3,785.38",136.01,111.44,15.68,28.95,33.59,-0.207771224786214000000000000,-0.176046525716363000000000000,-0.285411991022764000000000000,-0.103487707261292000000000000,-0.357238010657194000000000000,-0.116517622304050000000000000
"July 1, 2022","3,825.33",139.18,112.99,15.71,30,35.28,-0.199410230759249000000000000,-0.156842551644757000000000000,-0.275472907983328000000000000,-0.101772441395083000000000000,-0.333925399644760000000000000,-0.072067332982640800000000000
"July 5, 2022","3,831.39",138.69,112.03,15.82,30.36,34.76,-0.198141954819239000000000000,-0.159810989277276000000000000,-0.281628727156140000000000000,-0.095483133218982200000000000,-0.325932504440497000000000000,-0.085744345081536200000000000
"July 6, 2022","3,845.08",135.65,109.75,15.47,29.54,34.7,-0.195276823198985000000000000,-0.178227418670867000000000000,-0.296248797691568000000000000,-0.115494568324757000000000000,-0.344138543516874000000000000,-0.087322461862177800000000000
"July 7, 2022","3,902.62",138.68,113.9,16.11,29.75,35.33,-0.183234480362652000000000000,-0.159871569637124000000000000,-0.269637704392433000000000000,-0.078902229845626000000000000,-0.339476021314387000000000000,-0.070752235665439400000000000
"July 8, 2022","3,899.38",137.8,111.59,15.95,29.34,34.38,-0.183912568488994000000000000,-0.165202641303689000000000000,-0.284450144277012000000000000,-0.088050314465408800000000000,-0.348579040852575000000000000,-0.095739084692267200000000000
"July 11, 2022","3,854.43",137.76,111.59,15.74,28.4,32.21,-0.193319994809696000000000000,-0.165444962743079000000000000,-0.284450144277012000000000000,-0.100057175528874000000000000,-0.369449378330373000000000000,-0.152814308258811000000000000
"July 12, 2022","3,818.80",139.12,112.64,15.94,28.91,33.25,-0.200776871334871000000000000,-0.157206033803841000000000000,-0.277717217056749000000000000,-0.088622069754145200000000000,-0.358126110124334000000000000,-0.125460284061021000000000000
"July 13, 2022","3,801.78",140.8,114.12,15.87,29.04,33.23,-0.204338926862754000000000000,-0.147028533349488000000000000,-0.268226995831997000000000000,-0.092624356775300100000000000,-0.355239786856128000000000000,-0.125986322987901000000000000
"July 14, 2022","3,790.38",140.78,113.31,15.71,28.43,34.25,-0.206724792492476000000000000,-0.147149694069183000000000000,-0.273420968259057000000000000,-0.101772441395083000000000000,-0.368783303730018000000000000,-0.099158337716991100000000000
"July 15, 2022","3,863.16",143.35,116.34,15.96,29.23,34.53,-0.191492924024830000000000000,-0.131580541588417000000000000,-0.253991663994870000000000000,-0.087478559176672300000000000,-0.351021314387211000000000000,-0.091793792740662800000000000
"July 18, 2022","3,830.85",144.59,117.42,16.35,29.51,34.65,-0.198254969506963000000000000,-0.124068576967347000000000000,-0.247066367425457000000000000,-0.065180102915951800000000000,-0.344804618117229000000000000,-0.088637559179379400000000000
"July 19, 2022","3,936.69",150.92,121.41,17.12,30.46,35.53,-0.176104090713123000000000000,-0.085721209183982600000000000,-0.221481243988458000000000000,-0.021154945683247400000000000,-0.323712255772647000000000000,-0.065491846396633400000000000
"July 20, 2022","3,959.90",152.6,122.69,17.34,31.29,37.08,-0.171246552005592000000000000,-0.075543708729629800000000000,-0.213273485091375000000000000,-0.008576329331046230000000000,-0.305284191829485000000000000,-0.024723829563387800000000000
"July 21, 2022","3,998.95",151,121.97,17.22,31.44,39.52,-0.163073915791501000000000000,-0.085236566305203800000000000,-0.217890349470984000000000000,-0.015437392795883300000000000,-0.301953818827709000000000000,0.039452919516044200000000000
"July 22, 2022","3,961.63",150.91,120.83,16.92,30.94,38.99,-0.170884486431959000000000000,-0.085781789543829900000000000,-0.225200384738698000000000000,-0.032590051457975800000000000,-0.313055062166963000000000000,0.025512887953708500000000000
"July 25, 2022","3,966.84",152.99,122.19,17.3,30.78,38.85,-0.169794103981884000000000000,-0.073181074695583600000000000,-0.216479640910548000000000000,-0.010863350485991900000000000,-0.316607460035524000000000000,0.021830615465544400000000000
"July 26, 2022","3,921.05",151.04,120.22,16.94,29.93,38.22,-0.179377330927934000000000000,-0.084994244865814500000000000,-0.229111894838089000000000000,-0.031446540880503000000000000,-0.335479573712256000000000000,0.005260389268805780000000000
"July 27, 2022","4,023.61",157.6,129.25,17.59,31.41,38.97,-0.157912911718786000000000000,-0.045253528805961100000000000,-0.171208720743828000000000000,0.005717552887364290000000000,-0.302619893428064000000000000,0.024986849026827900000000000
"July 28, 2022","4,072.43",158.09,128,17.91,32.61,38.52,-0.147695546802731000000000000,-0.042285091173441500000000000,-0.179224110291760000000000000,0.024013722126929800000000000,-0.275976909413854000000000000,0.013150973172014700000000000
"July 29, 2022","4,130.29",158.82,128.07,17.81,32.73,37.69,-0.135586232299598000000000000,-0.037862724904585900000000000,-0.178775248477076000000000000,0.018296169239565500000000000,-0.273312611012433000000000000,-0.008679642293529860000000000
"August 1, 2022","4,118.63",159.57,128.69,17.84,32.84,37.77,-0.138026512408594000000000000,-0.033319197916035600000000000,-0.174799615261302000000000000,0.020011435105774800000000000,-0.270870337477797000000000000,-0.006575486586007360000000000
"August 2, 2022","4,091.19",158.24,128.68,17.3,33.06,38.15,-0.143769332836627000000000000,-0.041376385775731400000000000,-0.174863738377685000000000000,-0.010863350485991900000000000,-0.265985790408526000000000000,0.003419253024723710000000000
"August 3, 2022","4,155.17",159.34,130.97,17.34,34.2,38.96,-0.130379185205959000000000000,-0.034712546192524300000000000,-0.160179544725874000000000000,-0.008576329331046230000000000,-0.240674955595027000000000000,0.024723829563387600000000000
"August 4, 2022","4,151.94",158.99,131.05,17.68,35.45,39.3,-0.131055180467714000000000000,-0.036832858787181100000000000,-0.159666559794806000000000000,0.010863350485992100000000000,-0.212921847246892000000000000,0.033666491320357500000000000
"August 5, 2022","4,145.19",157.01,130.32,17.97,34.71,38.37,-0.132467864064259000000000000,-0.048827770036954000000000000,-0.164347547290798000000000000,0.027444253859348200000000000,-0.229351687388988000000000000,0.009205681220410160000000000
"August 8, 2022","4,140.06",158.27,130.72,18.12,34.5,37.19,-0.133541503597634000000000000,-0.041194644696189400000000000,-0.161782622635460000000000000,0.036020583190394700000000000,-0.234014209591474000000000000,-0.021830615465544600000000000
"August 9, 2022","4,122.47",158.79,131.45,18.22,33.92,36.9,-0.137222852407004000000000000,-0.038044465984128000000000000,-0.157101635139468000000000000,0.041738136077758700000000000,-0.246891651865009000000000000,-0.029458179905313100000000000
"August 10, 2022","4,210.24",161.24,133.66,18.74,34.48,36.65,-0.118853779922732000000000000,-0.023202277821530200000000000,-0.142930426418724000000000000,0.071469411092052600000000000,-0.234458259325044000000000000,-0.036033666491320500000000000
"August 11, 2022","4,207.27",161.13,134.69,19.16,34.91,37.69,-0.119475360705212000000000000,-0.023868661779851000000000000,-0.136325745431228000000000000,0.095483133218982400000000000,-0.224911190053286000000000000,-0.008679642293529860000000000
"August 12, 2022","4,280.15",164.07,137.44,19.53,35.6,38.67,-0.104222563591691000000000000,-0.006058035984733750000000000,-0.118691888425777000000000000,0.116638078902230000000000000,-0.209591474245115000000000000,0.017096265123619100000000000
"August 15, 2022","4,297.14",163.18,137.02,19.19,35.54,38.69,-0.100666786657570000000000000,-0.011449688011146700000000000,-0.121385059313883000000000000,0.097198399085191700000000000,-0.210923623445826000000000000,0.017622304050499600000000000
"August 16, 2022","4,305.20",166.24,139.02,19.52,36.17,38.28,-0.098979937800064600000000000,0.007087902102138580000000000,-0.108560436037191000000000000,0.116066323613494000000000000,-0.196936056838366000000000000,0.006838506049447610000000000
"August 17, 2022","4,274.04",163.57,137.46,19.35,35.01,37.45,-0.105501303854638000000000000,-0.009087053977100620000000000,-0.118563642193010000000000000,0.106346483704974000000000000,-0.222690941385435000000000000,-0.014992109416096800000000000
"August 18, 2022","4,283.74",165.05,138.77,19.55,35.62,37.72,-0.103471225204787000000000000,-0.000121160719694565000000000,-0.110163513946778000000000000,0.117781589479703000000000000,-0.209147424511545000000000000,-0.007890583903208950000000000
"August 19, 2022","4,228.48",161.38,135.48,18.78,34.73,37.63,-0.115036394915176000000000000,-0.022354152783667500000000000,-0.131260019236935000000000000,0.073756432246998400000000000,-0.228907637655417000000000000,-0.010257759074171500000000000
"August 22, 2022","4,137.99",157.92,131.58,18.4,33.77,36.6,-0.133974726567242000000000000,-0.043314957290846300000000000,-0.156268034626483000000000000,0.052029731275014300000000000,-0.250222024866785000000000000,-0.037348763808521900000000000
"August 23, 2022","4,128.73",158.64,132.28,18.46,34.3,36.88,-0.135912719175244000000000000,-0.038953171381838000000000000,-0.151779416479641000000000000,0.055460263007433000000000000,-0.238454706927176000000000000,-0.029984218832193600000000000
"August 24, 2022","4,140.77",159.93,133.3,18.7,34.67,37.87,-0.133392910211923000000000000,-0.031138304961531400000000000,-0.145238858608528000000000000,0.069182389937107000000000000,-0.230239786856128000000000000,-0.003945291951604570000000000
"August 25, 2022","4,199.12",162.67,136.08,19.13,35.22,39.07,-0.121181045344004000000000000,-0.014539286363361000000000000,-0.127412632253927000000000000,0.093767867352773100000000000,-0.218028419182948000000000000,0.027617043661230900000000000
"August 26, 2022","4,057.66",156.69,131.09,18.24,33.58,37.93,-0.150786707798432000000000000,-0.050766341552068800000000000,-0.159410067329272000000000000,0.042881646655231600000000000,-0.254440497335702000000000000,-0.002367175170962740000000000
"August 29, 2022","4,030.61",155.72,129.47,17.97,33.75,37.89,-0.156447906507553000000000000,-0.056642636457260500000000000,-0.169798012183392000000000000,0.027444253859348200000000000,-0.250666074600355000000000000,-0.003419253024723900000000000
"August 30, 2022","3,986.16",153.34,126.83,17.87,32.96,36.65,-0.165750689598882000000000000,-0.071060762100926800000000000,-0.186726514908625000000000000,0.021726700971984100000000000,-0.268206039076377000000000000,-0.036033666491320500000000000
"August 31, 2022","3,955.00",153.74,127.36,17.77,32.64,37.63,-0.172272055653455000000000000,-0.068637547707033300000000000,-0.183327989740301000000000000,0.016009148084619900000000000,-0.275310834813499000000000000,-0.010257759074171500000000000
"September 1, 2022","3,966.85",153.95,127.67,17.37,32.45,36.7,-0.169792011117297000000000000,-0.067365360150239300000000000,-0.181340173132414000000000000,-0.006861063464836900000000000,-0.279529307282416000000000000,-0.034718569174118900000000000
"September 2, 2022","3,924.26",154.23,127.49,17.26,32.86,36.21,-0.178705521395355000000000000,-0.065669110074513900000000000,-0.182494389227316000000000000,-0.013150371640937500000000000,-0.270426287744227000000000000,-0.047606522882693400000000000
"September 6, 2022","3,908.19",152.37,126.87,17,32.77,35.45,-0.182068754787428000000000000,-0.076937057006118600000000000,-0.186470022443091000000000000,-0.028016009148084500000000000,-0.272424511545293000000000000,-0.067596002104155700000000000
"September 7, 2022","3,979.87",157.6,131.18,17.64,33.59,36.4,-0.167067101424404000000000000,-0.045253528805961100000000000,-0.158832959281821000000000000,0.008576329331046440000000000,-0.254218472468916000000000000,-0.042609153077327800000000000
"September 8, 2022","4,006.18",159.4,132.97,17.67,34.06,37.65,-0.161560774694756000000000000,-0.034349064033440300000000000,-0.147354921449182000000000000,0.010291595197255800000000000,-0.243783303730018000000000000,-0.009731720147291020000000000
"September 9, 2022","4,067.36",162.36,135.91,18.24,35.06,38.17,-0.148756629148581000000000000,-0.016417277518628300000000000,-0.128502725232446000000000000,0.042881646655231600000000000,-0.221580817051510000000000000,0.003945291951604380000000000
"September 12, 2022","4,110.41",163.78,136.65,18.49,36.05,38.75,-0.139746847099499000000000000,-0.007814866420306490000000000,-0.123757614620070000000000000,0.057175528873642100000000000,-0.199600355239787000000000000,0.019200420831141400000000000
"September 13, 2022","3,932.69",157.88,130.46,17.88,33.87,37.84,-0.176941236548113000000000000,-0.043557278730235600000000000,-0.163449823661430000000000000,0.022298456260720400000000000,-0.248001776198934000000000000,-0.004734350341925290000000000
"September 14, 2022","3,946.01",162.54,134.83,18.32,34.02,38.15,-0.174153540917596000000000000,-0.015326831041376400000000000,-0.135428021801859000000000000,0.047455688965123000000000000,-0.244671403197158000000000000,0.003419253024723710000000000
"September 15, 2022","3,901.35",162.51,135.24,18.13,34.43,39.69,-0.183500274165261000000000000,-0.015508572120918400000000000,-0.132798974030138000000000000,0.036592338479131000000000000,-0.235568383658970000000000000,0.043924250394529000000000000
"September 16, 2022","3,873.33",154.92,130.8,17.77,33.36,38.64,-0.189364480739367000000000000,-0.061489065245047600000000000,-0.161269637704392000000000000,0.016009148084619900000000000,-0.259325044404973000000000000,0.016307206733298200000000000
"September 19, 2022","3,899.89",157.36,132.3,17.82,34.36,38.82,-0.183805832395032000000000000,-0.046707457442297100000000000,-0.151651170246874000000000000,0.018867924528302000000000000,-0.237122557726465000000000000,0.021041557075223500000000000
"September 20, 2022","3,855.93",157.01,131.68,17.7,34.57,39.28,-0.193006065121575000000000000,-0.048827770036954000000000000,-0.155626803462648000000000000,0.012006861063464900000000000,-0.232460035523979000000000000,0.033140452393477100000000000
"September 21, 2022","3,789.93",148.17,124.63,16.8,32.78,36.62,-0.206818971398913000000000000,-0.102380808142000000000000000,-0.200833600512985000000000000,-0.039451114922812900000000000,-0.272202486678508000000000000,-0.036822724881641400000000000
"September 22, 2022","3,757.99",140.11,119.42,16.19,30.61,35.29,-0.213503580891309000000000000,-0.151208578178954000000000000,-0.234241744148766000000000000,-0.074328187535734500000000000,-0.320381882770870000000000000,-0.071804313519200500000000000
"September 23, 2022","3,693.23",137.48,118.33,15.82,30.05,35.47,-0.227056971959800000000000000,-0.167141212818804000000000000,-0.241231163834562000000000000,-0.095483133218982200000000000,-0.332815275310835000000000000,-0.067069963177275200000000000
"September 26, 2022","3,655.04",136.22,117.48,15.52,29.99,39.66,-0.235049621819369000000000000,-0.174774338159569000000000000,-0.246681628727156000000000000,-0.112635791881075000000000000,-0.334147424511545000000000000,0.043135192004208100000000000
"September 27, 2022","3,647.29",138.68,118.17,15.76,29.98,39.72,-0.236671591874663000000000000,-0.159871569637124000000000000,-0.242257133696698000000000000,-0.098913664951400700000000000,-0.334369449378330000000000000,0.044713308784850000000000000
"September 28, 2022","3,719.04",143.82,123.67,16.55,30.62,39.71,-0.221655288459526000000000000,-0.128733264675592000000000000,-0.206989419685797000000000000,-0.053744997141223400000000000,-0.320159857904085000000000000,0.044450289321409700000000000
"September 29, 2022","3,640.47",140.51,121.86,15.79,29.99,38.53,-0.238098925523321000000000000,-0.148785363785061000000000000,-0.218595703751202000000000000,-0.097198399085191500000000000,-0.334147424511545000000000000,0.013413992635455000000000000
"September 30, 2022","3,585.62",140.14,120.62,15.88,29.72,37.52,-0.249578287785624000000000000,-0.151026837099412000000000000,-0.226546970182751000000000000,-0.092052601486563600000000000,-0.340142095914742000000000000,-0.013150973172014700000000000
"October 3, 2022","3,678.43",140.8,121.77,16.37,30.61,38.6,-0.230154411549264000000000000,-0.147028533349488000000000000,-0.219172811798653000000000000,-0.064036592338479000000000000,-0.320381882770870000000000000,0.015255128879537000000000000
"October 4, 2022","3,790.93",147.56,125.97,16.85,32.88,42,-0.206609684940165000000000000,-0.106076210092688000000000000,-0.192241102917602000000000000,-0.036592338479130800000000000,-0.269982238010657000000000000,0.104681746449237000000000000
"October 5, 2022","3,783.28",147.18,125.92,16.73,33.58,42.62,-0.208210726349584000000000000,-0.108378263766887000000000000,-0.192561718499519000000000000,-0.043453401943967900000000000,-0.254440497335702000000000000,0.120988953182535000000000000
"October 6, 2022","3,744.52",144.07,123.35,16.56,33.32,43.07,-0.216322669490639000000000000,-0.127218755679409000000000000,-0.209041359410067000000000000,-0.053173241852487100000000000,-0.260213143872114000000000000,0.132824829037349000000000000
"October 7, 2022","3,639.66",141.5,121.37,16.3,32.68,42.5,-0.238268447554906000000000000,-0.142787908160174000000000000,-0.221737736453992000000000000,-0.068038879359634000000000000,-0.274422735346359000000000000,0.117832719621252000000000000
"October 10, 2022","3,612.39",140.5,120.33,16.34,31.42,39.29,-0.243975689284952000000000000,-0.148845944144908000000000000,-0.228406540557871000000000000,-0.065751858204688300000000000,-0.302397868561279000000000000,0.033403471856917300000000000
"October 11, 2022","3,588.84",138.79,117.88,16.53,30.56,36.36,-0.248904385388457000000000000,-0.159205185678803000000000000,-0.244116704071818000000000000,-0.054888507718696300000000000,-0.321492007104796000000000000,-0.043661230931089000000000000
"October 12, 2022","3,577.03",141.87,121,16.62,30.89,36.5,-0.251376058466265000000000000,-0.140546434845823000000000000,-0.224110291760179000000000000,-0.049742710120068500000000000,-0.314165186500888000000000000,-0.039978958442924900000000000
"October 13, 2022","3,669.91",143.22,123.1,16.83,30.72,35.75,-0.231937532177793000000000000,-0.132368086266432000000000000,-0.210644437319654000000000000,-0.037735849056603800000000000,-0.317939609236234000000000000,-0.059705418200946900000000000
"October 14, 2022","3,583.07",143.53,122.58,16.81,30.64,35.22,-0.250111968255430000000000000,-0.130490095111165000000000000,-0.213978839371593000000000000,-0.038879359634076600000000000,-0.319715808170515000000000000,-0.073645449763282600000000000
"October 17, 2022","3,677.95",147.85,126.41,17.38,32.25,35.69,-0.230254869049463000000000000,-0.104319379657115000000000000,-0.189419685796730000000000000,-0.006289308176100600000000000,-0.283969804618117000000000000,-0.061283534981588800000000000
"October 18, 2022","3,719.98",149.99,128.6,17.65,32.57,35.85,-0.221458559188303000000000000,-0.091355182649784800000000000,-0.175376723308753000000000000,0.009148084619782740000000000,-0.276865008880995000000000000,-0.057075223566544000000000000
"October 19, 2022","3,695.16",149.99,128.7,17.53,32.46,35.6,-0.226653049094418000000000000,-0.091355182649784800000000000,-0.174735492144918000000000000,0.002287021154945840000000000,-0.279307282415631000000000000,-0.063650710152551300000000000
"October 20, 2022","3,665.78",147.52,126.55,17.24,32.46,37.59,-0.232801885252420000000000000,-0.106318531532077000000000000,-0.188521962167361000000000000,-0.014293882218410500000000000,-0.279307282415631000000000000,-0.011309836927932700000000000
"October 21, 2022","3,752.75",153.49,131.23,17.84,33.92,39.07,-0.214600241935146000000000000,-0.070152056703216700000000000,-0.158512343699904000000000000,0.020011435105774800000000000,-0.246891651865009000000000000,0.027617043661230900000000000
"October 24, 2022","3,797.34",154.98,130.63,17.84,33.97,35.05,-0.205268158739593000000000000,-0.061125583085963600000000000,-0.162359730682911000000000000,0.020011435105774800000000000,-0.245781527531083000000000000,-0.078116780641767600000000000
"October 25, 2022","3,859.11",155.43,130.64,18,34.19,34.77,-0.192340534182757000000000000,-0.058399466892833300000000000,-0.162295607566528000000000000,0.029159519725557600000000000,-0.240896980461812000000000000,-0.085481325618095700000000000
"October 26, 2022","3,830.60",155.04,129.99,18.1,34.33,35.47,-0.198307291121650000000000000,-0.060762100926879500000000000,-0.166463610131452000000000000,0.034877072612921800000000000,-0.237788632326821000000000000,-0.067069963177275200000000000
"October 27, 2022","3,807.30",156.25,133.4,18.51,34.5,35.05,-0.203183665610468000000000000,-0.053431877385351600000000000,-0.144597627444694000000000000,0.058319039451115100000000000,-0.234014209591474000000000000,-0.078116780641767600000000000
"October 28, 2022","3,901.06",159.65,134.64,18.65,35.96,37.09,-0.183560967238298000000000000,-0.032834555037256800000000000,-0.136646361013145000000000000,0.066323613493424800000000000,-0.201598579040853000000000000,-0.024460810099947400000000000
"October 31, 2022","3,871.98",160.11,135.26,18.88,35.57,38.01,-0.189647017458676000000000000,-0.030047858484279300000000000,-0.132670727797371000000000000,0.079473985134362500000000000,-0.210257548845471000000000000,-0.000263019463440429000000000
"November 1, 2022","3,856.10",160.07,133.74,18.86,35.94,38.64,-0.192970486423587000000000000,-0.030290179923668700000000000,-0.142417441487656000000000000,0.078330474556889700000000000,-0.202042628774423000000000000,0.016307206733298200000000000
"November 2, 2022","3,759.69",152.99,129.73,18,35.11,38.18,-0.213147793911438000000000000,-0.073181074695583600000000000,-0.168130811157422000000000000,0.029159519725557600000000000,-0.220470692717584000000000000,0.004208311415044620000000000
"November 3, 2022","3,719.89",146.48,128.5,16.99,31.41,37.85,-0.221477394969591000000000000,-0.112618888956200000000000000,-0.176017954472587000000000000,-0.028587764436821000000000000,-0.302619893428064000000000000,-0.004471330878485050000000000
"November 4, 2022","3,770.55",148.96,130.01,17.2,33.84,40.24,-0.210874942969440000000000000,-0.097594959714060600000000000,-0.166335363898685000000000000,-0.016580903373356200000000000,-0.248667850799289000000000000,0.058390320883745400000000000
"November 7, 2022","3,806.80",148.35,128.87,17.17,34.19,40.7,-0.203288308839841000000000000,-0.101290361664748000000000000,-0.173645399166399000000000000,-0.018296169239565300000000000,-0.240896980461812000000000000,0.070489216201998900000000000
"November 8, 2022","3,828.11",150.5,130.83,17.25,34.49,40.66,-0.198828414403931000000000000,-0.088265584297570700000000000,-0.161077268355242000000000000,-0.013722126929674000000000000,-0.234236234458259000000000000,0.069437138348237600000000000
"November 9, 2022","3,748.57",149.57,129.89,16.8,33.56,39.95,-0.215475059332711000000000000,-0.093899557763373100000000000,-0.167104841295287000000000000,-0.039451114922812900000000000,-0.254884547069272000000000000,0.050762756443976800000000000
"November 10, 2022","3,956.37",157.98,136.62,18.13,35.31,41.05,-0.171985333204971000000000000,-0.042951475131762300000000000,-0.123949983969221000000000000,0.036592338479131000000000000,-0.216030195381883000000000000,0.079694897422409100000000000
"November 11, 2022","3,992.93",163.78,140.63,18.56,36.63,43.32,-0.164333820273161000000000000,-0.007814866420306490000000000,-0.098236614299454900000000000,0.061177815894797000000000000,-0.186722912966252000000000000,0.139400315623356000000000000
"November 14, 2022","3,957.25",159.53,138.76,18.09,36.95,43,-0.171801161121273000000000000,-0.033561519355424900000000000,-0.110227637063161000000000000,0.034305317324185300000000000,-0.179618117229130000000000000,0.130983692793267000000000000